{
    "name": "root",
    "gauges": {
        "BallCatcher.Policy.Entropy.mean": {
            "value": 0.11557529121637344,
            "min": 0.02497328631579876,
            "max": 0.257452130317688,
            "count": 10
        },
        "BallCatcher.Policy.ExtrinsicValueEstimate.mean": {
            "value": 67.02142333984375,
            "min": 17.437517166137695,
            "max": 73.3812255859375,
            "count": 10
        },
        "BallCatcher.Environment.EpisodeLength.mean": {
            "value": 153.00615384615384,
            "min": 153.00615384615384,
            "max": 156.90189873417722,
            "count": 10
        },
        "BallCatcher.Environment.CumulativeReward.mean": {
            "value": -10.0,
            "min": -10.0,
            "max": -10.0,
            "count": 10
        },
        "BallCatcher.Policy.ExtrinsicReward.mean": {
            "value": -10.0,
            "min": -10.0,
            "max": -10.0,
            "count": 10
        },
        "BallCatcher.Losses.ValueLoss.mean": {
            "value": 828.8860473632812,
            "min": 93.31004333496094,
            "max": 1001.1848754882812,
            "count": 10
        },
        "BallCatcher.Losses.PolicyLoss.mean": {
            "value": 0.021016931161284447,
            "min": 0.01959832012653351,
            "max": 0.058059994131326675,
            "count": 10
        },
        "BallCatcher.Policy.LearningRate.mean": {
            "value": 1.628433892619796e-05,
            "min": 1.628433892619796e-05,
            "max": 0.0002845609560608864,
            "count": 10
        },
        "BallCatcher.Policy.Epsilon.mean": {
            "value": 0.10542808473110199,
            "min": 0.10542808473110199,
            "max": 0.19485366344451904,
            "count": 10
        },
        "BallCatcher.Policy.Beta.mean": {
            "value": 0.00028086124802939594,
            "min": 0.00028086124802939594,
            "max": 0.004743197001516819,
            "count": 10
        },
        "BallCatcher.IsTraining.mean": {
            "value": 1.0,
            "min": 1.0,
            "max": 1.0,
            "count": 10
        }
    },
    "metadata": {
        "timer_format_version": "0.1.0",
        "start_time_seconds": "1603068728",
        "python_version": "3.8.3 (tags/v3.8.3:6f8c832, May 13 2020, 22:37:02) [MSC v.1924 64 bit (AMD64)]",
        "command_line_arguments": "C:\\Python38\\Scripts\\mlagents-learn ML/config/new_config.yaml --run-id=BallCatcher",
        "mlagents_version": "0.21.0",
        "mlagents_envs_version": "0.21.0",
        "communication_protocol_version": "1.2.0",
        "tensorflow_version": "2.3.1",
        "numpy_version": "1.19.1",
        "end_time_seconds": "1603069585"
    },
    "total": 856.5496776,
    "count": 1,
    "self": 0.5117400999999973,
    "children": {
        "run_training.setup": {
            "total": 0.014162799999999365,
            "count": 1,
            "self": 0.014162799999999365
        },
        "TrainerController.start_learning": {
            "total": 856.0237747,
            "count": 1,
            "self": 2.269526500006691,
            "children": {
                "TrainerController._reset_env": {
                    "total": 15.1380652,
                    "count": 1,
                    "self": 15.1380652
                },
                "TrainerController.advance": {
                    "total": 835.2984286999933,
                    "count": 55614,
                    "self": 1.0403630000004114,
                    "children": {
                        "env_step": {
                            "total": 834.2580656999929,
                            "count": 55614,
                            "self": 767.2670389999831,
                            "children": {
                                "SubprocessEnvManager._take_step": {
                                    "total": 65.89980460000285,
                                    "count": 55614,
                                    "self": 2.283251700011988,
                                    "children": {
                                        "TFPolicy.evaluate": {
                                            "total": 63.616552899990864,
                                            "count": 55614,
                                            "self": 63.616552899990864
                                        }
                                    }
                                },
                                "workers": {
                                    "total": 1.0912221000069593,
                                    "count": 55614,
                                    "self": 0.0,
                                    "children": {
                                        "worker_root": {
                                            "total": 836.758404200006,
                                            "count": 55614,
                                            "is_parallel": true,
                                            "self": 200.43401550000283,
                                            "children": {
                                                "steps_from_proto": {
                                                    "total": 0.0008868999999993576,
                                                    "count": 1,
                                                    "is_parallel": true,
                                                    "self": 0.00039729999999948973,
                                                    "children": {
                                                        "_process_vector_observation": {
                                                            "total": 0.0004895999999998679,
                                                            "count": 2,
                                                            "is_parallel": true,
                                                            "self": 0.0004895999999998679
                                                        }
                                                    }
                                                },
                                                "UnityEnvironment.step": {
                                                    "total": 636.3235018000032,
                                                    "count": 55614,
                                                    "is_parallel": true,
                                                    "self": 6.671436400002449,
                                                    "children": {
                                                        "UnityEnvironment._generate_step_input": {
                                                            "total": 30.309636199992426,
                                                            "count": 55614,
                                                            "is_parallel": true,
                                                            "self": 30.309636199992426
                                                        },
                                                        "communicator.exchange": {
                                                            "total": 568.1464745999997,
                                                            "count": 55614,
                                                            "is_parallel": true,
                                                            "self": 568.1464745999997
                                                        },
                                                        "steps_from_proto": {
                                                            "total": 31.19595460000864,
                                                            "count": 55614,
                                                            "is_parallel": true,
                                                            "self": 14.70777210001555,