{"cameraMode":{"drawMode":0,"name":"Shaded","section":"Shading Mode"},"sceneLighting":true,"audioPlay":false,"sceneViewState":{"showFog":false,"showMaterialUpdate":false,"showSkybox":false,"showFlares":false,"showImageEffects":false,"showParticleSystems":false},"in2DMode":false,"pivot":{"x":1.919184684753418,"y":3.319347381591797,"z":6.268330097198486},"rotation":{"x":0.09064248949289322,"y":-0.7129632830619812,"z":0.09379760921001435,"w":0.688978374004364},"size":6.288885116577148,"orthographic":false}