{"cameraMode":{"drawMode":0,"name":"Shaded","section":"Shading Mode"},"sceneLighting":true,"audioPlay":false,"sceneViewState":{"showFog":true,"showMaterialUpdate":false,"showSkybox":true,"showFlares":true,"showImageEffects":true,"showParticleSystems":true},"in2DMode":false,"pivot":{"x":-7.094485282897949,"y":-2.9219675064086916,"z":2.2989845275878908},"rotation":{"x":-0.008869025856256485,"y":0.9791253209114075,"z":-0.19828450679779054,"w":-0.04379525035619736},"size":58.6097526550293,"orthographic":false}