{"cameraMode":{"drawMode":0,"name":"Shaded","section":"Shading Mode"},"sceneLighting":true,"audioPlay":false,"sceneViewState":{"showFog":true,"showMaterialUpdate":false,"showSkybox":true,"showFlares":true,"showImageEffects":true,"showParticleSystems":true},"in2DMode":false,"pivot":{"x":-3.8802599906921388,"y":-1.617478847503662,"z":13.516502380371094},"rotation":{"x":0.11570402979850769,"y":-0.13160136342048646,"z":0.015468132682144642,"w":0.9844066500663757},"size":23.76438331604004,"orthographic":false}